{"lpips": 0.37202614545822144, "ssim_loss": 0.21933907270431519, "psnr": 13.280669212341309}