{"lpips": 0.4375098645687103, "ssim_loss": 0.2783317565917969, "psnr": 11.777955055236816}