{"lpips": 0.12673033773899078, "ssim_loss": 0.12923169136047363, "psnr": 16.985139846801758}