{"lpips": 0.6444991230964661, "ssim_loss": 0.5234047472476959, "psnr": 10.208108901977539}