{"lpips": 0.7572579383850098, "ssim_loss": 0.6647616624832153, "psnr": 6.8295578956604}