{"lpips": 0.5914362072944641, "ssim_loss": 0.5359847545623779, "psnr": 10.86413860321045}