{"lpips": 0.4139684736728668, "ssim_loss": 0.2987883687019348, "psnr": 15.031465530395508}