{"lpips": 0.6768062710762024, "ssim_loss": 0.7134154438972473, "psnr": 12.408815383911133}