{"lpips": 0.2969440817832947, "ssim_loss": 0.3820316791534424, "psnr": 12.8985013961792}