{"lpips": 0.49461448192596436, "ssim_loss": 0.3025384545326233, "psnr": 11.13178825378418}