{"lpips": 0.08882372826337814, "ssim_loss": 0.12635570764541626, "psnr": 22.949325561523438}