{"lpips": 0.1970323622226715, "ssim_loss": 0.3400574326515198, "psnr": 17.88709259033203}