{"lpips": 0.3109322190284729, "ssim_loss": 0.15487170219421387, "psnr": 14.7105131149292}