{"lpips": 0.32691690325737, "ssim_loss": 0.26748281717300415, "psnr": 12.079055786132812}