{"lpips": 0.18678134679794312, "ssim_loss": 0.13213634490966797, "psnr": 16.739341735839844}