{"lpips": 0.3551182150840759, "ssim_loss": 0.31349945068359375, "psnr": 13.697805404663086}