{"lpips": 0.433182954788208, "ssim_loss": 0.19996404647827148, "psnr": 12.022659301757812}