{"lpips": 0.25129276514053345, "ssim_loss": 0.195209801197052, "psnr": 12.33043098449707}