{"lpips": 0.3852611780166626, "ssim_loss": 0.2833865284919739, "psnr": 12.865175247192383}