{"lpips": 0.34739941358566284, "ssim_loss": 0.2220780849456787, "psnr": 13.364768028259277}