{"lpips": 0.24131084978580475, "ssim_loss": 0.18950486183166504, "psnr": 16.987409591674805}