{"lpips": 0.7688393592834473, "ssim_loss": 0.6907409727573395, "psnr": 7.105262279510498}