{"lpips": 0.44595152139663696, "ssim_loss": 0.3050474524497986, "psnr": 8.706191062927246}