{"lpips": 0.23001454770565033, "ssim_loss": 0.17991214990615845, "psnr": 14.535324096679688}