{"lpips": 0.4332446753978729, "ssim_loss": 0.2546720504760742, "psnr": 12.85234260559082}