{"lpips": 0.19744563102722168, "ssim_loss": 0.14212483167648315, "psnr": 17.238922119140625}