{"lpips": 0.4253751039505005, "ssim_loss": 0.2696608901023865, "psnr": 12.645110130310059}