{"lpips": 0.4198024272918701, "ssim_loss": 0.3398038148880005, "psnr": 18.516084671020508}