{"lpips": 0.10945866256952286, "ssim_loss": 0.10745000839233398, "psnr": 19.432401657104492}