{"lpips": 0.20527614653110504, "ssim_loss": 0.14979219436645508, "psnr": 15.326237678527832}