{"lpips": 0.1257943958044052, "ssim_loss": 0.12445002794265747, "psnr": 17.323301315307617}