{"lpips": 0.16508856415748596, "ssim_loss": 0.13968437910079956, "psnr": 19.108135223388672}