{"lpips": 0.23906031250953674, "ssim_loss": 0.1576087474822998, "psnr": 15.260051727294922}