{"lpips": 0.3500610291957855, "ssim_loss": 0.2086479663848877, "psnr": 11.268292427062988}