{"lpips": 0.3519057631492615, "ssim_loss": 0.2380961775779724, "psnr": 14.93597412109375}