{"lpips": 0.3635859489440918, "ssim_loss": 0.2186838984489441, "psnr": 15.876760482788086}