{"lpips": 0.16152802109718323, "ssim_loss": 0.1023215651512146, "psnr": 18.67568588256836}