{"lpips": 0.5503668189048767, "ssim_loss": 0.4259301424026489, "psnr": 7.523019790649414}