{"lpips": 0.3683907389640808, "ssim_loss": 0.40187692642211914, "psnr": 12.708653450012207}