{"lpips": 0.22785349190235138, "ssim_loss": 0.18334919214248657, "psnr": 16.468149185180664}