{"lpips": 0.10138482600450516, "ssim_loss": 0.11825507879257202, "psnr": 17.82203483581543}