{"lpips": 0.1552586555480957, "ssim_loss": 0.14428764581680298, "psnr": 16.532133102416992}