{"lpips": 0.7452133893966675, "ssim_loss": 0.5591258108615875, "psnr": 9.726956367492676}