{"lpips": 0.2985554337501526, "ssim_loss": 0.31113624572753906, "psnr": 13.758989334106445}