{"lpips": 0.22186601161956787, "ssim_loss": 0.20256465673446655, "psnr": 15.246673583984375}