{"lpips": 0.7193602323532104, "ssim_loss": 0.7951482385396957, "psnr": 13.248857498168945}