{"lpips": 0.10800769180059433, "ssim_loss": 0.1350092887878418, "psnr": 20.37362289428711}