{"lpips": 0.28269368410110474, "ssim_loss": 0.25132495164871216, "psnr": 13.90705680847168}