{"lpips": 0.2923891544342041, "ssim_loss": 0.18297672271728516, "psnr": 17.39427947998047}