{"lpips": 0.4367082118988037, "ssim_loss": 0.31161046028137207, "psnr": 13.44900131225586}