{"lpips": 0.3011477291584015, "ssim_loss": 0.22087937593460083, "psnr": 15.475445747375488}