{"lpips": 0.3270958364009857, "ssim_loss": 0.2677091956138611, "psnr": 13.125450134277344}