{"lpips": 0.3607429563999176, "ssim_loss": 0.13689619302749634, "psnr": 19.01303482055664}