{"lpips": 0.19485993683338165, "ssim_loss": 0.15561151504516602, "psnr": 16.049131393432617}