{"lpips": 0.44076356291770935, "ssim_loss": 0.41092193126678467, "psnr": 8.16720199584961}