{"lpips": 0.5429551601409912, "ssim_loss": 0.4203747510910034, "psnr": 11.48445987701416}