{"lpips": 0.1497734785079956, "ssim_loss": 0.15319490432739258, "psnr": 17.189823150634766}