{"lpips": 0.8096867799758911, "ssim_loss": 0.6129074096679688, "psnr": 4.82671594619751}