{"lpips": 0.21347665786743164, "ssim_loss": 0.17823654413223267, "psnr": 16.52386474609375}