{"lpips": 0.5518333911895752, "ssim_loss": 0.42139726877212524, "psnr": 16.781936645507812}