{"lpips": 0.15444782376289368, "ssim_loss": 0.22289538383483887, "psnr": 16.957557678222656}