{"lpips": 0.214906245470047, "ssim_loss": 0.2619935870170593, "psnr": 15.101068496704102}