{"lpips": 0.268057644367218, "ssim_loss": 0.14970582723617554, "psnr": 12.785061836242676}