{"lpips": 0.201699897646904, "ssim_loss": 0.09890222549438477, "psnr": 17.658193588256836}