{"lpips": 0.6572349071502686, "ssim_loss": 0.5258137881755829, "psnr": 8.880658149719238}