{"lpips": 0.8721626400947571, "ssim_loss": 0.855525016784668, "psnr": 5.3954315185546875}