{"lpips": 0.16645102202892303, "ssim_loss": 0.14528781175613403, "psnr": 16.949045181274414}