{"lpips": 0.07333170622587204, "ssim_loss": 0.08380985260009766, "psnr": 20.268970489501953}