{"lpips": 0.8980623483657837, "ssim_loss": 0.8248625546693802, "psnr": 4.326249122619629}