{"lpips": 0.13773414492607117, "ssim_loss": 0.21382731199264526, "psnr": 15.990811347961426}