{"lpips": 0.31363445520401, "ssim_loss": 0.2174946665763855, "psnr": 14.048657417297363}