{"lpips": 0.2978202998638153, "ssim_loss": 0.23138076066970825, "psnr": 14.130463600158691}