{"lpips": 0.1486845761537552, "ssim_loss": 0.1651495099067688, "psnr": 18.034709930419922}