{"lpips": 0.5040558576583862, "ssim_loss": 0.4198949933052063, "psnr": 12.666275024414062}