{"lpips": 0.7644091248512268, "ssim_loss": 0.8562747538089752, "psnr": 10.685352325439453}