{"lpips": 0.12589111924171448, "ssim_loss": 0.15901941061019897, "psnr": 16.19872283935547}