{"lpips": 0.6959027051925659, "ssim_loss": 0.639952689409256, "psnr": 8.544225692749023}