{"lpips": 0.8109853267669678, "ssim_loss": 0.6679756343364716, "psnr": 5.1602373123168945}