{"lpips": 0.25006404519081116, "ssim_loss": 0.16670823097229004, "psnr": 14.973544120788574}