{"lpips": 0.44334426522254944, "ssim_loss": 0.4528077244758606, "psnr": 9.719221115112305}