{"lpips": 0.37444838881492615, "ssim_loss": 0.35062795877456665, "psnr": 11.983293533325195}