{"lpips": 0.4226838946342468, "ssim_loss": 0.2688691020011902, "psnr": 11.922737121582031}