{"lpips": 0.2893508970737457, "ssim_loss": 0.17809391021728516, "psnr": 15.080299377441406}