{"lpips": 0.27585846185684204, "ssim_loss": 0.3513514995574951, "psnr": 13.85205078125}