{"lpips": 0.3317320644855499, "ssim_loss": 0.1933155059814453, "psnr": 14.258294105529785}