{"lpips": 0.18791580200195312, "ssim_loss": 0.13058161735534668, "psnr": 17.656213760375977}