{"lpips": 0.30019232630729675, "ssim_loss": 0.2697755694389343, "psnr": 15.37716007232666}