{"lpips": 0.31935906410217285, "ssim_loss": 0.2664286494255066, "psnr": 13.326719284057617}