{"lpips": 0.4801889657974243, "ssim_loss": 0.3279992938041687, "psnr": 14.738998413085938}