{"lpips": 0.13671977818012238, "ssim_loss": 0.21434730291366577, "psnr": 19.936695098876953}