{"lpips": 0.10433918237686157, "ssim_loss": 0.06454873085021973, "psnr": 22.485843658447266}