{"lpips": 0.11056578904390335, "ssim_loss": 0.10285305976867676, "psnr": 19.456565856933594}