{"lpips": 0.2685900926589966, "ssim_loss": 0.1542048454284668, "psnr": 16.169023513793945}