{"lpips": 0.28840920329093933, "ssim_loss": 0.19174957275390625, "psnr": 14.046174049377441}