{"lpips": 0.8982173204421997, "ssim_loss": 0.7973368018865585, "psnr": 6.64623498916626}