{"lpips": 0.3804411292076111, "ssim_loss": 0.3724554777145386, "psnr": 12.414941787719727}