{"lpips": 0.061940647661685944, "ssim_loss": 0.057727813720703125, "psnr": 27.184391021728516}