{"lpips": 0.3166547119617462, "ssim_loss": 0.20761293172836304, "psnr": 15.301045417785645}