{"lpips": 0.280473530292511, "ssim_loss": 0.25169992446899414, "psnr": 15.700052261352539}