{"lpips": 0.14464467763900757, "ssim_loss": 0.10901623964309692, "psnr": 16.624225616455078}