{"lpips": 0.697513222694397, "ssim_loss": 0.6210170984268188, "psnr": 8.253632545471191}