{"lpips": 0.18669907748699188, "ssim_loss": 0.21185559034347534, "psnr": 18.078115463256836}