{"lpips": 0.2865462601184845, "ssim_loss": 0.14422369003295898, "psnr": 15.840173721313477}