{"lpips": 0.8265455961227417, "ssim_loss": 0.8921700343489647, "psnr": 5.220122337341309}