{"lpips": 0.44978195428848267, "ssim_loss": 0.31511688232421875, "psnr": 19.796070098876953}