{"lpips": 0.8764753341674805, "ssim_loss": 0.930071197450161, "psnr": 3.3828911781311035}