{"lpips": 0.46203213930130005, "ssim_loss": 0.33257532119750977, "psnr": 14.209318161010742}