{"lpips": 0.07782825082540512, "ssim_loss": 0.1280655860900879, "psnr": 21.672359466552734}