{"lpips": 0.19916647672653198, "ssim_loss": 0.2658718228340149, "psnr": 15.935699462890625}