{"lpips": 0.6900303959846497, "ssim_loss": 0.7827995419502258, "psnr": 9.746307373046875}