{"lpips": 0.41880446672439575, "ssim_loss": 0.2651166319847107, "psnr": 12.345866203308105}