{"lpips": 0.09089100360870361, "ssim_loss": 0.12436556816101074, "psnr": 20.123863220214844}