{"lpips": 0.3879600167274475, "ssim_loss": 0.2889695167541504, "psnr": 10.654281616210938}