{"lpips": 0.11457908153533936, "ssim_loss": 0.1209372878074646, "psnr": 17.995880126953125}