{"lpips": 0.7414062023162842, "ssim_loss": 0.6072902679443359, "psnr": 7.244051933288574}