{"lpips": 0.8776227235794067, "ssim_loss": 0.7076392769813538, "psnr": 4.307159423828125}