{"lpips": 0.17453071475028992, "ssim_loss": 0.1382187008857727, "psnr": 16.866764068603516}