{"lpips": 0.5521973371505737, "ssim_loss": 0.6044654548168182, "psnr": 15.494813919067383}