{"lpips": 0.7147637605667114, "ssim_loss": 0.3464609384536743, "psnr": 6.42274808883667}