{"lpips": 0.19620856642723083, "ssim_loss": 0.21244877576828003, "psnr": 16.377809524536133}