{"lpips": 0.5389678478240967, "ssim_loss": 0.3280174732208252, "psnr": 12.224440574645996}