{"lpips": 0.3985421657562256, "ssim_loss": 0.29541873931884766, "psnr": 12.717280387878418}