{"lpips": 0.6076648831367493, "ssim_loss": 0.5054166615009308, "psnr": 10.07477855682373}