{"lpips": 0.36482489109039307, "ssim_loss": 0.2029244303703308, "psnr": 16.620738983154297}