{"lpips": 0.5491533279418945, "ssim_loss": 0.5721248686313629, "psnr": 14.577568054199219}