{"lpips": 0.3935534358024597, "ssim_loss": 0.3805631995201111, "psnr": 12.848588943481445}