{"lpips": 0.40584301948547363, "ssim_loss": 0.34516626596450806, "psnr": 12.809700012207031}