{"lpips": 0.36968183517456055, "ssim_loss": 0.24932736158370972, "psnr": 13.402885437011719}