{"lpips": 0.19967195391654968, "ssim_loss": 0.14389878511428833, "psnr": 18.998310089111328}