{"lpips": 0.7018969655036926, "ssim_loss": 0.6747128963470459, "psnr": 8.10778522491455}