{"lpips": 0.9204644560813904, "ssim_loss": 0.8453202396631241, "psnr": 6.105276107788086}