{"lpips": 0.5218998789787292, "ssim_loss": 0.46298670768737793, "psnr": 15.377046585083008}