{"lpips": 0.2400786578655243, "ssim_loss": 0.12094640731811523, "psnr": 18.672143936157227}