{"lpips": 0.20277757942676544, "ssim_loss": 0.1964259147644043, "psnr": 15.541284561157227}