{"lpips": 0.4203336536884308, "ssim_loss": 0.39405709505081177, "psnr": 11.846887588500977}