{"lpips": 0.3176276683807373, "ssim_loss": 0.2689740061759949, "psnr": 13.222332000732422}