{"lpips": 0.226193368434906, "ssim_loss": 0.14784842729568481, "psnr": 18.109987258911133}