{"lpips": 0.24782490730285645, "ssim_loss": 0.14504408836364746, "psnr": 16.848222732543945}