{"lpips": 0.2316359281539917, "ssim_loss": 0.24869322776794434, "psnr": 16.490005493164062}