{"lpips": 0.6298197507858276, "ssim_loss": 0.48408037424087524, "psnr": 10.227319717407227}