{"lpips": 0.30994290113449097, "ssim_loss": 0.24648195505142212, "psnr": 16.428030014038086}