{"lpips": 0.5577964782714844, "ssim_loss": 0.5326080024242401, "psnr": 14.412593841552734}