{"lpips": 0.8071256875991821, "ssim_loss": 0.7524176687002182, "psnr": 6.738680839538574}