{"lpips": 0.35427188873291016, "ssim_loss": 0.23303890228271484, "psnr": 15.775821685791016}