{"lpips": 0.8074378371238708, "ssim_loss": 0.8814322873950005, "psnr": 6.810290813446045}