{"lpips": 0.4100828766822815, "ssim_loss": 0.27458351850509644, "psnr": 13.303647994995117}