{"lpips": 0.14702439308166504, "ssim_loss": 0.1854051947593689, "psnr": 17.074371337890625}