{"lpips": 0.3132801949977875, "ssim_loss": 0.22219210863113403, "psnr": 18.21611976623535}