{"lpips": 0.29793763160705566, "ssim_loss": 0.14059609174728394, "psnr": 16.62088966369629}