{"lpips": 0.38576140999794006, "ssim_loss": 0.29654186964035034, "psnr": 11.327312469482422}