{"lpips": 0.7688238620758057, "ssim_loss": 0.4932556748390198, "psnr": 7.402936935424805}