{"lpips": 0.6105481386184692, "ssim_loss": 0.3383161425590515, "psnr": 9.528387069702148}