{"lpips": 0.5714632272720337, "ssim_loss": 0.5755933821201324, "psnr": 15.587510108947754}