{"lpips": 0.1723960041999817, "ssim_loss": 0.09491586685180664, "psnr": 19.477344512939453}