{"lpips": 0.3830224275588989, "ssim_loss": 0.26227426528930664, "psnr": 14.242605209350586}