{"lpips": 0.32250118255615234, "ssim_loss": 0.11812621355056763, "psnr": 14.946474075317383}