{"lpips": 0.6184194684028625, "ssim_loss": 0.3312518000602722, "psnr": 7.437431335449219}