{"lpips": 0.4188608229160309, "ssim_loss": 0.30376726388931274, "psnr": 10.314447402954102}