{"lpips": 0.7153111100196838, "ssim_loss": 0.7695691585540771, "psnr": 9.869199752807617}