{"lpips": 0.17704927921295166, "ssim_loss": 0.1289992332458496, "psnr": 18.021940231323242}