{"lpips": 0.2413603812456131, "ssim_loss": 0.11193960905075073, "psnr": 17.185394287109375}