{"lpips": 0.39837175607681274, "ssim_loss": 0.19858235120773315, "psnr": 19.88137435913086}