{"lpips": 0.8696439862251282, "ssim_loss": 0.8780285641551018, "psnr": 4.299558639526367}