{"lpips": 0.4163646399974823, "ssim_loss": 0.28785258531570435, "psnr": 12.084688186645508}