{"lpips": 0.17574924230575562, "ssim_loss": 0.20028680562973022, "psnr": 12.534425735473633}