{"lpips": 0.18546490371227264, "ssim_loss": 0.14922136068344116, "psnr": 16.33943748474121}