{"lpips": 0.8246490359306335, "ssim_loss": 0.7599531412124634, "psnr": 4.962882995605469}