{"lpips": 0.40625888109207153, "ssim_loss": 0.3106704354286194, "psnr": 11.781357765197754}