{"lpips": 0.6332745552062988, "ssim_loss": 0.4431920051574707, "psnr": 11.45412826538086}