{"lpips": 0.39574795961380005, "ssim_loss": 0.28049808740615845, "psnr": 16.95175552368164}