{"lpips": 0.3525233268737793, "ssim_loss": 0.29749220609664917, "psnr": 12.938462257385254}