{"lpips": 0.3223925828933716, "ssim_loss": 0.2228083610534668, "psnr": 13.136252403259277}