{"lpips": 0.44033387303352356, "ssim_loss": 0.42270511388778687, "psnr": 12.145838737487793}