{"lpips": 0.5197922587394714, "ssim_loss": 0.3817824721336365, "psnr": 12.062112808227539}