{"lpips": 0.059970319271087646, "ssim_loss": 0.057612717151641846, "psnr": 22.10443115234375}