{"lpips": 0.1587277054786682, "ssim_loss": 0.13770318031311035, "psnr": 18.241397857666016}