{"lpips": 0.9085392951965332, "ssim_loss": 0.6334725916385651, "psnr": 5.699594497680664}