{"lpips": 0.31342631578445435, "ssim_loss": 0.17277973890304565, "psnr": 12.525654792785645}