{"lpips": 0.06619830429553986, "ssim_loss": 0.17910748720169067, "psnr": 19.804731369018555}