{"lpips": 0.17447881400585175, "ssim_loss": 0.09658622741699219, "psnr": 19.090892791748047}