{"lpips": 0.11700545251369476, "ssim_loss": 0.14348477125167847, "psnr": 19.13047981262207}