{"lpips": 0.14873303472995758, "ssim_loss": 0.18693780899047852, "psnr": 19.153095245361328}