{"lpips": 0.6248515844345093, "ssim_loss": 0.4718778729438782, "psnr": 8.312469482421875}