{"lpips": 0.7393428087234497, "ssim_loss": 0.7034100592136383, "psnr": 6.20050048828125}