{"lpips": 0.8450444340705872, "ssim_loss": 0.7621151953935623, "psnr": 5.282055854797363}