{"lpips": 0.2424483448266983, "ssim_loss": 0.15888100862503052, "psnr": 13.850433349609375}