{"lpips": 0.2202293574810028, "ssim_loss": 0.12999087572097778, "psnr": 18.31008529663086}