{"lpips": 0.5784469842910767, "ssim_loss": 0.49312299489974976, "psnr": 10.788810729980469}