{"lpips": 0.3629254102706909, "ssim_loss": 0.2110324501991272, "psnr": 13.48054313659668}