{"lpips": 0.3031959533691406, "ssim_loss": 0.19569700956344604, "psnr": 13.780755043029785}