{"lpips": 0.09303884208202362, "ssim_loss": 0.0711216926574707, "psnr": 22.71976089477539}