{"lpips": 0.10177834331989288, "ssim_loss": 0.06100398302078247, "psnr": 19.20057487487793}