{"lpips": 0.42293447256088257, "ssim_loss": 0.26015955209732056, "psnr": 12.924568176269531}