{"lpips": 0.24258336424827576, "ssim_loss": 0.18175512552261353, "psnr": 15.60574722290039}