{"lpips": 0.623924732208252, "ssim_loss": 0.566741019487381, "psnr": 13.643720626831055}