{"lpips": 0.3166472911834717, "ssim_loss": 0.3577421307563782, "psnr": 13.423981666564941}