{"lpips": 0.45967286825180054, "ssim_loss": 0.4297652244567871, "psnr": 10.021940231323242}