{"lpips": 0.21583211421966553, "ssim_loss": 0.1884896159172058, "psnr": 16.347442626953125}