{"lpips": 0.2715747654438019, "ssim_loss": 0.279236376285553, "psnr": 14.440805435180664}