{"lpips": 0.33450788259506226, "ssim_loss": 0.3211671710014343, "psnr": 12.514952659606934}