{"lpips": 0.1914026439189911, "ssim_loss": 0.38947468996047974, "psnr": 12.896697998046875}