{"lpips": 0.24320168793201447, "ssim_loss": 0.2671775221824646, "psnr": 14.608139991760254}