{"lpips": 0.8525950908660889, "ssim_loss": 0.6602285206317902, "psnr": 8.339909553527832}