{"lpips": 0.31682664155960083, "ssim_loss": 0.2285327911376953, "psnr": 15.256917953491211}