{"lpips": 0.10730522125959396, "ssim_loss": 0.09409826993942261, "psnr": 19.296844482421875}