{"lpips": 0.7361197471618652, "ssim_loss": 0.7414381206035614, "psnr": 8.697687149047852}