{"lpips": 0.6824102997779846, "ssim_loss": 0.6092145442962646, "psnr": 10.06403923034668}