{"lpips": 0.47125715017318726, "ssim_loss": 0.3360157608985901, "psnr": 12.38193416595459}