{"lpips": 0.7523771524429321, "ssim_loss": 0.742339164018631, "psnr": 7.869801044464111}