{"lpips": 0.19354985654354095, "ssim_loss": 0.16545671224594116, "psnr": 17.546897888183594}