{"lpips": 0.08484907448291779, "ssim_loss": 0.08874034881591797, "psnr": 20.10809898376465}