{"lpips": 0.08353286981582642, "ssim_loss": 0.15882009267807007, "psnr": 19.98111343383789}