{"lpips": 0.30499058961868286, "ssim_loss": 0.1889815330505371, "psnr": 13.280729293823242}