{"lpips": 0.26330867409706116, "ssim_loss": 0.1419544219970703, "psnr": 13.986187934875488}