{"lpips": 0.6674699783325195, "ssim_loss": 0.6185157001018524, "psnr": 13.110671997070312}