{"lpips": 0.3271637558937073, "ssim_loss": 0.2764933705329895, "psnr": 12.235183715820312}