{"lpips": 0.5527136921882629, "ssim_loss": 0.494316041469574, "psnr": 14.433384895324707}