{"lpips": 0.3994845449924469, "ssim_loss": 0.38599270582199097, "psnr": 12.13300895690918}