{"lpips": 0.07657165080308914, "ssim_loss": 0.09145015478134155, "psnr": 21.141185760498047}