{"lpips": 0.1681133359670639, "ssim_loss": 0.1429700255393982, "psnr": 17.5966796875}