{"lpips": 0.475923091173172, "ssim_loss": 0.37759727239608765, "psnr": 16.396581649780273}