{"lpips": 0.29043304920196533, "ssim_loss": 0.2090930938720703, "psnr": 14.361961364746094}