{"lpips": 0.28145432472229004, "ssim_loss": 0.3273162841796875, "psnr": 14.53398323059082}