{"lpips": 0.7093033194541931, "ssim_loss": 0.6647238731384277, "psnr": 9.024262428283691}