{"lpips": 0.15509872138500214, "ssim_loss": 0.12933826446533203, "psnr": 12.655791282653809}