{"lpips": 0.15787804126739502, "ssim_loss": 0.16572874784469604, "psnr": 17.483325958251953}