{"lpips": 0.550450325012207, "ssim_loss": 0.44498133659362793, "psnr": 13.44186782836914}