{"lpips": 0.3003014922142029, "ssim_loss": 0.151866614818573, "psnr": 14.870887756347656}