{"lpips": 0.43821632862091064, "ssim_loss": 0.2576853632926941, "psnr": 10.70166015625}