{"lpips": 0.37404096126556396, "ssim_loss": 0.22510606050491333, "psnr": 11.257583618164062}