{"lpips": 0.1830500364303589, "ssim_loss": 0.20952224731445312, "psnr": 18.419361114501953}