{"lpips": 0.6019782423973083, "ssim_loss": 0.5374325513839722, "psnr": 7.690397262573242}