{"lpips": 0.4138563573360443, "ssim_loss": 0.42893844842910767, "psnr": 12.285452842712402}