{"lpips": 0.4828255772590637, "ssim_loss": 0.3350192904472351, "psnr": 10.278520584106445}