{"lpips": 0.3636071979999542, "ssim_loss": 0.3178088665008545, "psnr": 9.757169723510742}