{"lpips": 0.21795210242271423, "ssim_loss": 0.14662933349609375, "psnr": 14.435321807861328}