{"lpips": 0.25248613953590393, "ssim_loss": 0.13374042510986328, "psnr": 13.535881042480469}