{"lpips": 0.18291738629341125, "ssim_loss": 0.11680412292480469, "psnr": 18.23096466064453}