{"lpips": 0.07849588245153427, "ssim_loss": 0.08096146583557129, "psnr": 21.105289459228516}