{"lpips": 0.17524650692939758, "ssim_loss": 0.1979379653930664, "psnr": 17.131893157958984}