{"lpips": 0.7867121696472168, "ssim_loss": 0.7113239169120789, "psnr": 8.265689849853516}