{"lpips": 0.27103978395462036, "ssim_loss": 0.16501730680465698, "psnr": 15.513036727905273}