{"lpips": 0.17575512826442719, "ssim_loss": 0.1564694046974182, "psnr": 15.305391311645508}