{"lpips": 0.19350287318229675, "ssim_loss": 0.3190576434135437, "psnr": 14.520164489746094}