{"lpips": 0.6787155866622925, "ssim_loss": 0.6639537811279297, "psnr": 9.296314239501953}