{"lpips": 0.13101902604103088, "ssim_loss": 0.11911660432815552, "psnr": 18.070873260498047}