{"lpips": 0.2832534611225128, "ssim_loss": 0.21471816301345825, "psnr": 15.391677856445312}