{"lpips": 0.3628627359867096, "ssim_loss": 0.220264732837677, "psnr": 15.420269966125488}