{"lpips": 0.2893117368221283, "ssim_loss": 0.2697848677635193, "psnr": 15.194293975830078}