{"lpips": 0.32604897022247314, "ssim_loss": 0.23920923471450806, "psnr": 11.709577560424805}