{"lpips": 0.6752897500991821, "ssim_loss": 0.46323198080062866, "psnr": 7.304959774017334}