{"lpips": 0.27962392568588257, "ssim_loss": 0.28355711698532104, "psnr": 16.115320205688477}