{"lpips": 0.12388726323843002, "ssim_loss": 0.09835600852966309, "psnr": 17.222675323486328}