{"lpips": 0.23500245809555054, "ssim_loss": 0.1404557228088379, "psnr": 16.860240936279297}