{"lpips": 0.08205779641866684, "ssim_loss": 0.05951720476150513, "psnr": 20.855117797851562}