{"lpips": 0.17443205416202545, "ssim_loss": 0.11829209327697754, "psnr": 16.10857582092285}