{"lpips": 0.19730545580387115, "ssim_loss": 0.09145236015319824, "psnr": 19.493968963623047}