{"lpips": 0.08241827040910721, "ssim_loss": 0.05517077445983887, "psnr": 22.56936264038086}