{"lpips": 0.32701313495635986, "ssim_loss": 0.32366591691970825, "psnr": 11.767541885375977}