{"lpips": 0.6950876116752625, "ssim_loss": 0.7045833170413971, "psnr": 8.599464416503906}