{"lpips": 0.16477428376674652, "ssim_loss": 0.12757593393325806, "psnr": 17.823312759399414}