{"lpips": 0.11130783706903458, "ssim_loss": 0.11357825994491577, "psnr": 17.221542358398438}