{"lpips": 0.12612131237983704, "ssim_loss": 0.12640619277954102, "psnr": 19.393213272094727}