{"lpips": 0.2078319638967514, "ssim_loss": 0.18352055549621582, "psnr": 16.70414161682129}