{"lpips": 0.17425578832626343, "ssim_loss": 0.10861891508102417, "psnr": 17.449871063232422}