{"lpips": 0.1758660525083542, "ssim_loss": 0.2684172987937927, "psnr": 16.168548583984375}