{"lpips": 0.4587733745574951, "ssim_loss": 0.2849124073982239, "psnr": 16.349470138549805}