{"lpips": 0.13724684715270996, "ssim_loss": 0.18719196319580078, "psnr": 16.927759170532227}