{"lpips": 0.3996516168117523, "ssim_loss": 0.4503090977668762, "psnr": 11.97222900390625}