{"lpips": 0.05689466372132301, "ssim_loss": 0.08667343854904175, "psnr": 21.854211807250977}