{"lpips": 0.39257916808128357, "ssim_loss": 0.3070647120475769, "psnr": 13.886287689208984}