{"lpips": 0.6730687618255615, "ssim_loss": 0.693961888551712, "psnr": 16.402002334594727}