{"lpips": 0.15898790955543518, "ssim_loss": 0.10598516464233398, "psnr": 18.500694274902344}