{"lpips": 0.1464739739894867, "ssim_loss": 0.10575485229492188, "psnr": 18.83417320251465}