{"lpips": 0.7085583209991455, "ssim_loss": 0.6602636873722076, "psnr": 15.22308349609375}