{"lpips": 0.07929742336273193, "ssim_loss": 0.09390836954116821, "psnr": 20.68587303161621}