{"lpips": 0.3500320017337799, "ssim_loss": 0.27442216873168945, "psnr": 12.623701095581055}