{"lpips": 0.8605178594589233, "ssim_loss": 0.7170566320419312, "psnr": 4.658944129943848}