{"lpips": 0.8426113724708557, "ssim_loss": 0.8659347742795944, "psnr": 7.425638198852539}