{"lpips": 0.0864405408501625, "ssim_loss": 0.06334418058395386, "psnr": 19.958580017089844}