{"lpips": 0.2655985951423645, "ssim_loss": 0.17733675241470337, "psnr": 13.807125091552734}