{"lpips": 0.6495221853256226, "ssim_loss": 0.5525236427783966, "psnr": 9.082473754882812}