{"lpips": 0.2866847813129425, "ssim_loss": 0.20724111795425415, "psnr": 13.650184631347656}