{"lpips": 0.25825992226600647, "ssim_loss": 0.23235487937927246, "psnr": 12.645377159118652}