{"lpips": 0.15424928069114685, "ssim_loss": 0.2589101195335388, "psnr": 15.580061912536621}