{"lpips": 0.7422970533370972, "ssim_loss": 0.8284932374954224, "psnr": 4.582640647888184}