{"lpips": 0.2417791783809662, "ssim_loss": 0.11965423822402954, "psnr": 16.859521865844727}