{"lpips": 0.3256489038467407, "ssim_loss": 0.24436205625534058, "psnr": 15.823169708251953}