{"lpips": 0.18736909329891205, "ssim_loss": 0.15289592742919922, "psnr": 16.708187103271484}