{"lpips": 0.15492284297943115, "ssim_loss": 0.12973517179489136, "psnr": 17.383413314819336}