{"lpips": 0.5948359370231628, "ssim_loss": 0.5639553070068359, "psnr": 13.262747764587402}