{"lpips": 0.46020573377609253, "ssim_loss": 0.5292279422283173, "psnr": 10.213186264038086}