{"lpips": 0.6414216160774231, "ssim_loss": 0.4010992646217346, "psnr": 9.925557136535645}