{"lpips": 0.149428591132164, "ssim_loss": 0.12369537353515625, "psnr": 18.165376663208008}