{"lpips": 0.16248950362205505, "ssim_loss": 0.16919654607772827, "psnr": 18.851268768310547}