{"lpips": 0.787901759147644, "ssim_loss": 0.5225905478000641, "psnr": 8.42780876159668}