{"lpips": 0.47879722714424133, "ssim_loss": 0.5046805143356323, "psnr": 15.667129516601562}