{"lpips": 0.4188178777694702, "ssim_loss": 0.3056364059448242, "psnr": 12.49215316772461}