{"lpips": 0.09081101417541504, "ssim_loss": 0.1372022032737732, "psnr": 20.818214416503906}