{"lpips": 0.2319185435771942, "ssim_loss": 0.15377116203308105, "psnr": 16.798988342285156}