{"lpips": 0.11125057935714722, "ssim_loss": 0.16500884294509888, "psnr": 17.815845489501953}