{"lpips": 0.12334921956062317, "ssim_loss": 0.10745710134506226, "psnr": 18.790935516357422}