{"lpips": 0.29864317178726196, "ssim_loss": 0.22619742155075073, "psnr": 14.04938793182373}