{"lpips": 0.2582010328769684, "ssim_loss": 0.19200533628463745, "psnr": 15.472326278686523}