{"lpips": 0.22038282454013824, "ssim_loss": 0.1800341010093689, "psnr": 15.40539264678955}