{"lpips": 0.31503036618232727, "ssim_loss": 0.16836804151535034, "psnr": 16.3330078125}