{"lpips": 0.6774523258209229, "ssim_loss": 0.6289646327495575, "psnr": 11.607782363891602}