{"lpips": 0.7469549179077148, "ssim_loss": 0.5326949059963226, "psnr": 10.180268287658691}