{"lpips": 0.33972710371017456, "ssim_loss": 0.24525266885757446, "psnr": 12.746710777282715}