{"lpips": 0.3125452995300293, "ssim_loss": 0.2195587158203125, "psnr": 12.971002578735352}