{"lpips": 0.12737399339675903, "ssim_loss": 0.10640382766723633, "psnr": 18.121488571166992}