{"lpips": 0.05312974378466606, "ssim_loss": 0.043151676654815674, "psnr": 22.996519088745117}