{"lpips": 0.30282163619995117, "ssim_loss": 0.24449139833450317, "psnr": 14.973970413208008}