{"lpips": 0.5291658639907837, "ssim_loss": 0.340925395488739, "psnr": 9.702189445495605}