{"lpips": 0.13179850578308105, "ssim_loss": 0.12322854995727539, "psnr": 18.54216766357422}