{"lpips": 0.47902780771255493, "ssim_loss": 0.3585274815559387, "psnr": 13.98965835571289}