{"lpips": 0.16436026990413666, "ssim_loss": 0.15121310949325562, "psnr": 16.78289794921875}