{"lpips": 0.27063843607902527, "ssim_loss": 0.16932731866836548, "psnr": 15.352200508117676}