{"lpips": 0.45122143626213074, "ssim_loss": 0.29237574338912964, "psnr": 11.310816764831543}