{"lpips": 0.44541865587234497, "ssim_loss": 0.3192160725593567, "psnr": 18.315719604492188}