{"lpips": 0.1603335291147232, "ssim_loss": 0.1965516209602356, "psnr": 19.668418884277344}