{"lpips": 0.15548810362815857, "ssim_loss": 0.0987403392791748, "psnr": 19.922901153564453}