{"lpips": 0.33773407340049744, "ssim_loss": 0.2389344573020935, "psnr": 13.49825668334961}