{"lpips": 0.2906034588813782, "ssim_loss": 0.2478475570678711, "psnr": 15.582151412963867}