{"lpips": 0.4316117763519287, "ssim_loss": 0.40690773725509644, "psnr": 9.943204879760742}