{"lpips": 0.46566659212112427, "ssim_loss": 0.3151788115501404, "psnr": 13.606098175048828}