{"lpips": 0.21255499124526978, "ssim_loss": 0.32738685607910156, "psnr": 19.600976943969727}