{"lpips": 0.28827109932899475, "ssim_loss": 0.2780449390411377, "psnr": 13.17317008972168}