{"lpips": 0.5563056468963623, "ssim_loss": 0.397910475730896, "psnr": 8.457849502563477}