{"lpips": 0.34934699535369873, "ssim_loss": 0.23515194654464722, "psnr": 13.007772445678711}