{"lpips": 0.7815356254577637, "ssim_loss": 0.6942248046398163, "psnr": 3.8633480072021484}