{"lpips": 0.3085295259952545, "ssim_loss": 0.2619864344596863, "psnr": 11.393640518188477}