{"lpips": 0.8582879304885864, "ssim_loss": 0.8811680153012276, "psnr": 7.056634902954102}