{"lpips": 0.8171324729919434, "ssim_loss": 0.4124346971511841, "psnr": 7.137453079223633}