{"lpips": 0.3030299246311188, "ssim_loss": 0.23881667852401733, "psnr": 12.96069049835205}