{"lpips": 0.35089588165283203, "ssim_loss": 0.2559003233909607, "psnr": 13.211165428161621}