{"lpips": 0.23518413305282593, "ssim_loss": 0.12625503540039062, "psnr": 15.592031478881836}