{"lpips": 0.28769323229789734, "ssim_loss": 0.17710494995117188, "psnr": 16.549036026000977}