{"lpips": 0.4351528286933899, "ssim_loss": 0.3237864375114441, "psnr": 13.838760375976562}