{"lpips": 0.4528447985649109, "ssim_loss": 0.7875901460647583, "psnr": 16.682714462280273}