{"lpips": 0.11642219126224518, "ssim_loss": 0.0926712155342102, "psnr": 19.04599952697754}