{"lpips": 0.7039097547531128, "ssim_loss": 0.5137280523777008, "psnr": 7.202155590057373}