{"lpips": 0.2590264081954956, "ssim_loss": 0.2378254532814026, "psnr": 13.22193717956543}