{"lpips": 0.5335661172866821, "ssim_loss": 0.32330387830734253, "psnr": 11.581191062927246}