{"lpips": 0.252066969871521, "ssim_loss": 0.22313451766967773, "psnr": 15.269185066223145}