{"lpips": 0.406221866607666, "ssim_loss": 0.33147162199020386, "psnr": 11.672114372253418}