{"lpips": 0.29770153760910034, "ssim_loss": 0.23613005876541138, "psnr": 11.910074234008789}