{"lpips": 0.12923552095890045, "ssim_loss": 0.14203757047653198, "psnr": 20.56888198852539}