{"lpips": 0.34563955664634705, "ssim_loss": 0.236735999584198, "psnr": 12.296445846557617}