{"lpips": 1.0221939086914062, "ssim_loss": 0.8537569046020508, "psnr": 2.6007864475250244}