{"lpips": 0.6710559129714966, "ssim_loss": 0.6069540977478027, "psnr": 13.806954383850098}