{"lpips": 0.7765506505966187, "ssim_loss": 0.8349296897649765, "psnr": 6.219186305999756}