{"lpips": 0.25758934020996094, "ssim_loss": 0.2853272557258606, "psnr": 16.819046020507812}