{"lpips": 0.31829795241355896, "ssim_loss": 0.20263409614562988, "psnr": 15.06467056274414}