{"lpips": 0.30067646503448486, "ssim_loss": 0.2681533694267273, "psnr": 13.953754425048828}