{"lpips": 0.1787719428539276, "ssim_loss": 0.18231290578842163, "psnr": 16.886621475219727}