{"lpips": 0.7229428291320801, "ssim_loss": 0.5221301317214966, "psnr": 9.73122501373291}