{"lpips": 0.1964571326971054, "ssim_loss": 0.15620845556259155, "psnr": 16.53455352783203}