{"lpips": 0.26700371503829956, "ssim_loss": 0.14776206016540527, "psnr": 16.651098251342773}