{"lpips": 0.2957567870616913, "ssim_loss": 0.19210940599441528, "psnr": 17.947895050048828}