{"lpips": 0.10878489166498184, "ssim_loss": 0.0922500491142273, "psnr": 19.176311492919922}