{"lpips": 0.24721361696720123, "ssim_loss": 0.1595558524131775, "psnr": 12.657905578613281}