{"lpips": 0.1948746144771576, "ssim_loss": 0.12301063537597656, "psnr": 18.48707389831543}