{"lpips": 0.5950924754142761, "ssim_loss": 0.46844160556793213, "psnr": 9.434717178344727}