{"lpips": 0.22169151902198792, "ssim_loss": 0.250612735748291, "psnr": 15.730977058410645}