{"lpips": 0.9407095909118652, "ssim_loss": 0.8594330698251724, "psnr": 3.29117488861084}