{"lpips": 0.5416688919067383, "ssim_loss": 0.3817596435546875, "psnr": 11.283950805664062}