{"lpips": 0.28990787267684937, "ssim_loss": 0.30325937271118164, "psnr": 14.0657958984375}