{"lpips": 0.22024594247341156, "ssim_loss": 0.15468406677246094, "psnr": 17.753063201904297}