{"lpips": 0.3462256193161011, "ssim_loss": 0.39925694465637207, "psnr": 13.859681129455566}