{"lpips": 0.48913994431495667, "ssim_loss": 0.34766292572021484, "psnr": 8.685286521911621}