{"lpips": 0.3325282633304596, "ssim_loss": 0.20023250579833984, "psnr": 15.113788604736328}