{"lpips": 0.24601224064826965, "ssim_loss": 0.17243927717208862, "psnr": 13.196457862854004}