{"lpips": 0.3932047188282013, "ssim_loss": 0.3221340775489807, "psnr": 12.444192886352539}