{"lpips": 0.2736823856830597, "ssim_loss": 0.37816673517227173, "psnr": 13.069356918334961}