{"lpips": 0.19804693758487701, "ssim_loss": 0.32282280921936035, "psnr": 11.390585899353027}