{"lpips": 0.41621798276901245, "ssim_loss": 0.3166787624359131, "psnr": 12.305055618286133}