{"lpips": 0.3534485995769501, "ssim_loss": 0.26116877794265747, "psnr": 12.463594436645508}