{"lpips": 0.2605026960372925, "ssim_loss": 0.14631199836730957, "psnr": 18.66663932800293}