{"lpips": 0.25386205315589905, "ssim_loss": 0.17338722944259644, "psnr": 12.425945281982422}