{"lpips": 0.20369035005569458, "ssim_loss": 0.1596388816833496, "psnr": 16.099132537841797}