{"lpips": 0.19605711102485657, "ssim_loss": 0.12739723920822144, "psnr": 19.400623321533203}