{"lpips": 0.7293891906738281, "ssim_loss": 0.6288381814956665, "psnr": 10.785635948181152}