{"lpips": 0.12019569426774979, "ssim_loss": 0.07675981521606445, "psnr": 20.949935913085938}