{"lpips": 0.3051303029060364, "ssim_loss": 0.18590259552001953, "psnr": 16.346885681152344}