{"lpips": 0.2574506402015686, "ssim_loss": 0.19271880388259888, "psnr": 16.399093627929688}