{"lpips": 0.5053122043609619, "ssim_loss": 0.33310240507125854, "psnr": 10.078954696655273}