{"lpips": 0.3888758718967438, "ssim_loss": 0.28313612937927246, "psnr": 13.077088356018066}