{"lpips": 0.3051965832710266, "ssim_loss": 0.2590169906616211, "psnr": 12.336488723754883}