{"lpips": 0.2792518734931946, "ssim_loss": 0.17108505964279175, "psnr": 14.259232521057129}