{"lpips": 0.9467208385467529, "ssim_loss": 0.8989902064204216, "psnr": 5.7776288986206055}