{"lpips": 0.3574022054672241, "ssim_loss": 0.23042017221450806, "psnr": 10.621633529663086}