{"lpips": 0.23304302990436554, "ssim_loss": 0.24852776527404785, "psnr": 14.802347183227539}