{"lpips": 0.6647406220436096, "ssim_loss": 0.7203032076358795, "psnr": 7.51863956451416}