{"lpips": 0.2983858287334442, "ssim_loss": 0.2505176067352295, "psnr": 11.28703498840332}