{"lpips": 0.918014645576477, "ssim_loss": 0.814153179526329, "psnr": 3.9244139194488525}