{"lpips": 0.11636138707399368, "ssim_loss": 0.31566542387008667, "psnr": 20.854881286621094}