{"lpips": 0.19891312718391418, "ssim_loss": 0.14775866270065308, "psnr": 17.036081314086914}