{"lpips": 0.16058892011642456, "ssim_loss": 0.1461002230644226, "psnr": 16.37905502319336}