{"lpips": 0.17382508516311646, "ssim_loss": 0.1029309630393982, "psnr": 16.9577579498291}