{"lpips": 0.9455010890960693, "ssim_loss": 0.7290420234203339, "psnr": 2.372342586517334}