{"lpips": 0.26912760734558105, "ssim_loss": 0.15128034353256226, "psnr": 13.513790130615234}