{"lpips": 0.48323652148246765, "ssim_loss": 0.39466995000839233, "psnr": 11.800507545471191}