{"lpips": 0.77057945728302, "ssim_loss": 0.7157303094863892, "psnr": 13.311537742614746}