{"lpips": 0.09084339439868927, "ssim_loss": 0.07566279172897339, "psnr": 21.029043197631836}