{"lpips": 0.6401851773262024, "ssim_loss": 0.509345680475235, "psnr": 9.572134971618652}