{"lpips": 0.22596807777881622, "ssim_loss": 0.27718037366867065, "psnr": 16.81234359741211}