{"lpips": 0.8157697916030884, "ssim_loss": 0.8528304249048233, "psnr": 7.654896259307861}