{"lpips": 0.7199884057044983, "ssim_loss": 0.7170194685459137, "psnr": 8.18059253692627}