{"lpips": 0.28555530309677124, "ssim_loss": 0.23001080751419067, "psnr": 13.241368293762207}