{"lpips": 0.8121753931045532, "ssim_loss": 0.6038084924221039, "psnr": 6.300878047943115}