{"lpips": 0.7606090307235718, "ssim_loss": 0.7680355757474899, "psnr": 8.692825317382812}