{"lpips": 0.17627599835395813, "ssim_loss": 0.3208538889884949, "psnr": 15.406660079956055}