{"lpips": 0.679478108882904, "ssim_loss": 0.40203267335891724, "psnr": 8.95338249206543}