{"lpips": 0.15978549420833588, "ssim_loss": 0.12780803442001343, "psnr": 17.079362869262695}