{"lpips": 0.20629090070724487, "ssim_loss": 0.15239548683166504, "psnr": 17.315898895263672}