{"lpips": 0.472513347864151, "ssim_loss": 0.39696812629699707, "psnr": 15.953397750854492}