{"lpips": 0.47549575567245483, "ssim_loss": 0.2981258034706116, "psnr": 8.56293773651123}