{"lpips": 0.1475837528705597, "ssim_loss": 0.08511418104171753, "psnr": 17.85836410522461}