{"lpips": 0.17711558938026428, "ssim_loss": 0.09752398729324341, "psnr": 19.903329849243164}