{"lpips": 0.5130722522735596, "ssim_loss": 0.5274717807769775, "psnr": 12.112778663635254}