{"lpips": 0.47700032591819763, "ssim_loss": 0.30350154638290405, "psnr": 10.604208946228027}