{"lpips": 0.7277239561080933, "ssim_loss": 0.7499791979789734, "psnr": 11.549997329711914}