{"lpips": 0.3175027668476105, "ssim_loss": 0.1900286078453064, "psnr": 15.01137924194336}