{"lpips": 0.10323610156774521, "ssim_loss": 0.1268560290336609, "psnr": 18.210281372070312}