{"lpips": 0.25528115034103394, "ssim_loss": 0.23663830757141113, "psnr": 14.123440742492676}