{"lpips": 0.4659841060638428, "ssim_loss": 0.35171210765838623, "psnr": 10.738419532775879}