{"lpips": 0.7545615434646606, "ssim_loss": 0.4406091570854187, "psnr": 7.307323932647705}