{"lpips": 0.2709355056285858, "ssim_loss": 0.20479899644851685, "psnr": 14.525032043457031}