{"lpips": 0.7313154935836792, "ssim_loss": 0.5786660611629486, "psnr": 9.290969848632812}