{"lpips": 0.3155115246772766, "ssim_loss": 0.3273257613182068, "psnr": 18.50173568725586}