{"lpips": 0.7521618604660034, "ssim_loss": 0.7001728415489197, "psnr": 8.71660041809082}