{"lpips": 0.17288838326931, "ssim_loss": 0.1331292986869812, "psnr": 16.71604347229004}