{"lpips": 0.2501276135444641, "ssim_loss": 0.2628411650657654, "psnr": 14.817733764648438}