{"lpips": 0.10398521274328232, "ssim_loss": 0.06631320714950562, "psnr": 20.183961868286133}