{"lpips": 0.9202901721000671, "ssim_loss": 0.9202177450060844, "psnr": 4.173700332641602}