{"lpips": 0.21647492051124573, "ssim_loss": 0.15154880285263062, "psnr": 15.85339069366455}