{"lpips": 0.30642080307006836, "ssim_loss": 0.24539995193481445, "psnr": 14.385332107543945}