{"lpips": 0.20361734926700592, "ssim_loss": 0.1774125099182129, "psnr": 15.046820640563965}