{"lpips": 0.4765308201313019, "ssim_loss": 0.3330603241920471, "psnr": 14.650496482849121}