{"lpips": 0.2366236448287964, "ssim_loss": 0.41053783893585205, "psnr": 11.943384170532227}