{"lpips": 0.05009261518716812, "ssim_loss": 0.07590556144714355, "psnr": 26.494768142700195}