{"lpips": 0.8078968524932861, "ssim_loss": 0.9033743962645531, "psnr": 7.369811058044434}