{"lpips": 0.4060809910297394, "ssim_loss": 0.4123438000679016, "psnr": 9.5979642868042}