{"lpips": 0.28294700384140015, "ssim_loss": 0.17385989427566528, "psnr": 14.619062423706055}