{"lpips": 0.500480592250824, "ssim_loss": 0.333061158657074, "psnr": 13.891119956970215}