{"lpips": 0.20203834772109985, "ssim_loss": 0.18125611543655396, "psnr": 15.053549766540527}