{"lpips": 0.6248250007629395, "ssim_loss": 0.5591253936290741, "psnr": 9.120434761047363}