{"lpips": 0.4476887881755829, "ssim_loss": 0.26861709356307983, "psnr": 12.126541137695312}