{"lpips": 0.3813108503818512, "ssim_loss": 0.35313934087753296, "psnr": 11.439432144165039}