{"lpips": 0.1238969936966896, "ssim_loss": 0.22909313440322876, "psnr": 15.863683700561523}