{"lpips": 0.3543490767478943, "ssim_loss": 0.2184901237487793, "psnr": 13.94797134399414}