{"lpips": 0.495665580034256, "ssim_loss": 0.3608399033546448, "psnr": 11.95218563079834}