{"lpips": 0.5382764935493469, "ssim_loss": 0.40304064750671387, "psnr": 11.130609512329102}